"State.UnionTerritory","Date","Day","Confirmed","Cured","Deaths"
"Kerala","30/01/20",1,1,0,0
"Kerala","31/01/20",2,1,0,0
"Kerala","01/02/20",3,2,0,0
"Kerala","02/02/20",4,3,0,0
"Kerala","03/02/20",5,3,0,0
"Kerala","04/02/20",6,3,0,0
"Kerala","05/02/20",7,3,0,0
"Kerala","06/02/20",8,3,0,0
"Kerala","07/02/20",9,3,0,0
"Kerala","08/02/20",10,3,0,0
"Kerala","09/02/20",11,3,0,0
"Kerala","10/02/20",12,3,0,0
"Kerala","11/02/20",13,3,0,0
"Kerala","12/02/20",14,3,0,0
"Kerala","13/02/20",15,3,0,0
"Kerala","14/02/20",16,3,0,0
"Kerala","15/02/20",17,3,0,0
"Kerala","16/02/20",18,3,0,0
"Kerala","17/02/20",19,3,0,0
"Kerala","18/02/20",20,3,0,0
"Kerala","19/02/20",21,3,0,0
"Kerala","20/02/20",22,3,0,0
"Kerala","21/02/20",23,3,0,0
"Kerala","22/02/20",24,3,0,0
"Kerala","23/02/20",25,3,0,0
"Kerala","24/02/20",26,3,0,0
"Kerala","25/02/20",27,3,0,0
"Kerala","26/02/20",28,3,0,0
"Kerala","27/02/20",29,3,0,0
"Kerala","28/02/20",30,3,0,0
"Kerala","29/02/20",31,3,0,0
"Kerala","01/03/20",32,3,0,0
"Telengana","02/03/20",33,1,0,0
"Kerala","02/03/20",33,3,0,0
"Delhi","02/03/20",33,1,0,0
"Telengana","03/03/20",34,1,0,0
"Rajasthan","03/03/20",34,1,0,0
"Kerala","03/03/20",34,3,3,0
"Delhi","03/03/20",34,1,0,0
"Uttar Pradesh","04/03/20",35,6,0,0
"Kerala","04/03/20",35,3,3,0
"Haryana","04/03/20",35,2,0,0
"Delhi","04/03/20",35,1,0,0
"Telengana","04/03/20",35,1,0,0
"Rajasthan","04/03/20",35,15,0,0
"Delhi","05/03/20",36,2,0,0
"Haryana","05/03/20",36,2,0,0
"Kerala","05/03/20",36,3,3,0
"Rajasthan","05/03/20",36,15,0,0
"Telengana","05/03/20",36,1,0,0
"Uttar Pradesh","05/03/20",36,7,0,0
"Delhi","06/03/20",37,3,0,0
"Haryana","06/03/20",37,2,0,0
"Kerala","06/03/20",37,3,3,0
"Rajasthan","06/03/20",37,15,0,0
"Uttar Pradesh","06/03/20",37,7,0,0
"Telengana","06/03/20",37,1,0,0
"Kerala","07/03/20",38,3,3,0
"Uttar Pradesh","07/03/20",38,7,0,0
"Ladakh","07/03/20",38,2,0,0
"Telengana","07/03/20",38,1,0,0
"Tamil Nadu","07/03/20",38,1,0,0
"Delhi","07/03/20",38,3,0,0
"Haryana","07/03/20",38,2,0,0
"Rajasthan","07/03/20",38,15,0,0
"Ladakh","08/03/20",39,2,0,0
"Telengana","08/03/20",39,1,0,0
"Tamil Nadu","08/03/20",39,1,0,0
"Rajasthan","08/03/20",39,15,0,0
"Kerala","08/03/20",39,8,3,0
"Haryana","08/03/20",39,2,0,0
"Delhi","08/03/20",39,3,0,0
"Uttar Pradesh","08/03/20",39,7,0,0
"Ladakh","09/03/20",40,2,0,0
"Karnataka","09/03/20",40,1,0,0
"Kerala","09/03/20",40,9,3,0
"Maharashtra","09/03/20",40,2,0,0
"Punjab","09/03/20",40,1,0,0
"Rajasthan","09/03/20",40,15,0,0
"Tamil Nadu","09/03/20",40,1,0,0
"Telengana","09/03/20",40,1,0,0
"Jammu and Kashmir","09/03/20",40,1,0,0
"Uttar Pradesh","09/03/20",40,7,0,0
"Haryana","09/03/20",40,2,0,0
"Delhi","09/03/20",40,4,0,0
"Uttar Pradesh","10/03/20",41,7,0,0
"Ladakh","10/03/20",41,2,0,0
"Delhi","10/03/20",41,4,0,0
"Haryana","10/03/20",41,2,0,0
"Karnataka","10/03/20",41,4,0,0
"Kerala","10/03/20",41,15,3,0
"Maharashtra","10/03/20",41,5,0,0
"Punjab","10/03/20",41,1,0,0
"Rajasthan","10/03/20",41,15,0,0
"Tamil Nadu","10/03/20",41,1,0,0
"Telengana","10/03/20",41,1,0,0
"Jammu and Kashmir","10/03/20",41,1,0,0
"Maharashtra","11/03/20",42,2,0,0
"Delhi","11/03/20",42,5,0,0
"Haryana","11/03/20",42,14,0,0
"Kerala","11/03/20",42,17,3,0
"Rajasthan","11/03/20",42,3,0,0
"Telengana","11/03/20",42,1,0,0
"Uttar Pradesh","11/03/20",42,9,0,0
"Ladakh","11/03/20",42,2,0,0
"Tamil Nadu","11/03/20",42,1,0,0
"Jammu and Kashmir","11/03/20",42,1,0,0
"Punjab","11/03/20",42,1,0,0
"Karnataka","11/03/20",42,4,0,0
"Delhi","12/03/20",43,6,0,0
"Haryana","12/03/20",43,14,0,0
"Kerala","12/03/20",43,17,3,0
"Rajasthan","12/03/20",43,3,0,0
"Telengana","12/03/20",43,1,0,0
"Uttar Pradesh","12/03/20",43,11,0,0
"Ladakh","12/03/20",43,3,0,0
"Tamil Nadu","12/03/20",43,1,0,0
"Jammu and Kashmir","12/03/20",43,1,0,0
"Punjab","12/03/20",43,1,0,0
"Karnataka","12/03/20",43,4,0,0
"Maharashtra","12/03/20",43,11,0,0
"Andhra Pradesh","12/03/20",43,1,0,0
"Delhi","13/03/20",44,6,0,0
"Haryana","13/03/20",44,14,0,0
"Kerala","13/03/20",44,19,3,0
"Rajasthan","13/03/20",44,3,0,0
"Telengana","13/03/20",44,1,0,0
"Uttar Pradesh","13/03/20",44,11,0,0
"Ladakh","13/03/20",44,3,0,0
"Tamil Nadu","13/03/20",44,1,0,0
"Jammu and Kashmir","13/03/20",44,1,0,0
"Punjab","13/03/20",44,1,0,0
"Karnataka","13/03/20",44,6,0,1
"Maharashtra","13/03/20",44,14,0,0
"Andhra Pradesh","13/03/20",44,1,0,0
"Delhi","14/03/20",45,7,1,1
"Haryana","14/03/20",45,14,0,0
"Kerala","14/03/20",45,19,3,0
"Rajasthan","14/03/20",45,3,1,0
"Telengana","14/03/20",45,1,0,0
"Uttar Pradesh","14/03/20",45,12,5,0
"Ladakh","14/03/20",45,3,0,0
"Tamil Nadu","14/03/20",45,1,0,0
"Jammu and Kashmir","14/03/20",45,2,0,0
"Punjab","14/03/20",45,1,0,0
"Karnataka","14/03/20",45,6,0,1
"Maharashtra","14/03/20",45,14,0,0
"Andhra Pradesh","14/03/20",45,1,0,0
"Andhra Pradesh","15/03/20",46,1,0,0
"Delhi","15/03/20",46,7,2,1
"Haryana","15/03/20",46,14,0,0
"Karnataka","15/03/20",46,6,0,1
"Kerala","15/03/20",46,22,3,0
"Maharashtra","15/03/20",46,32,0,0
"Punjab","15/03/20",46,1,0,0
"Rajasthan","15/03/20",46,4,3,0
"Tamil Nadu","15/03/20",46,1,0,0
"Telengana","15/03/20",46,3,1,0
"Jammu and Kashmir","15/03/20",46,2,0,0
"Ladakh","15/03/20",46,3,0,0
"Uttar Pradesh","15/03/20",46,13,4,0
"Uttarakhand","15/03/20",46,1,0,0
"Andhra Pradesh","16/03/20",47,1,0,0
"Delhi","16/03/20",47,7,2,1
"Haryana","16/03/20",47,14,0,0
"Karnataka","16/03/20",47,6,0,1
"Kerala","16/03/20",47,23,3,0
"Maharashtra","16/03/20",47,32,0,0
"Odisha","16/03/20",47,1,0,0
"Punjab","16/03/20",47,1,0,0
"Rajasthan","16/03/20",47,4,3,0
"Tamil Nadu","16/03/20",47,1,0,0
"Telengana","16/03/20",47,3,1,0
"Jammu and Kashmir","16/03/20",47,3,0,0
"Ladakh","16/03/20",47,4,0,0
"Uttar Pradesh","16/03/20",47,13,4,0
"Uttarakhand","16/03/20",47,1,0,0
"Andhra Pradesh","17/03/20",48,1,0,0
"Delhi","17/03/20",48,8,2,1
"Haryana","17/03/20",48,15,0,0
"Karnataka","17/03/20",48,11,0,1
"Kerala","17/03/20",48,26,3,0
"Maharashtra","17/03/20",48,39,0,1
"Odisha","17/03/20",48,1,0,0
"Punjab","17/03/20",48,1,0,0
"Rajasthan","17/03/20",48,4,3,0
"Tamil Nadu","17/03/20",48,1,0,0
"Telengana","17/03/20",48,5,1,0
"Jammu and Kashmir","17/03/20",48,3,0,0
"Ladakh","17/03/20",48,6,0,0
"Uttar Pradesh","17/03/20",48,15,5,0
"Uttarakhand","17/03/20",48,1,0,0
"Andhra Pradesh","18/03/20",49,1,0,0
"Delhi","18/03/20",49,10,2,1
"Haryana","18/03/20",49,17,0,0
"Karnataka","18/03/20",49,11,0,1
"Kerala","18/03/20",49,27,3,0
"Maharashtra","18/03/20",49,42,0,1
"Odisha","18/03/20",49,1,0,0
"Puducherry","18/03/20",49,1,0,0
"Punjab","18/03/20",49,1,0,0
"Rajasthan","18/03/20",49,4,3,0
"Tamil Nadu","18/03/20",49,1,0,0
"Telengana","18/03/20",49,6,1,0
"Jammu and Kashmir","18/03/20",49,3,0,0
"Ladakh","18/03/20",49,8,0,0
"Uttar Pradesh","18/03/20",49,16,5,0
"Uttarakhand","18/03/20",49,1,0,0
"West Bengal","18/03/20",49,1,0,0
"Andhra Pradesh","19/03/20",50,2,0,0
"Chhattisgarh","19/03/20",50,1,0,0
"Delhi","19/03/20",50,12,3,1
"Haryana","19/03/20",50,17,0,0
"Karnataka","19/03/20",50,14,0,1
"Kerala","19/03/20",50,27,3,0
"Maharashtra","19/03/20",50,47,0,1
"Odisha","19/03/20",50,1,0,0
"Puducherry","19/03/20",50,1,0,0
"Punjab","19/03/20",50,2,0,1
"Rajasthan","19/03/20",50,7,3,0
"Tamil Nadu","19/03/20",50,2,1,0
"Telengana","19/03/20",50,6,1,0
"Chandigarh","19/03/20",50,1,0,0
"Jammu and Kashmir","19/03/20",50,4,0,0
"Ladakh","19/03/20",50,8,0,0
"Uttar Pradesh","19/03/20",50,19,9,0
"Uttarakhand","19/03/20",50,1,0,0
"West Bengal","19/03/20",50,1,0,0
"Andhra Pradesh","20/03/20",51,3,0,0
"Chhattisgarh","20/03/20",51,1,0,0
"Delhi","20/03/20",51,17,5,1
"Gujarat","20/03/20",51,5,0,0
"Haryana","20/03/20",51,17,0,0
"Karnataka","20/03/20",51,15,1,1
"Kerala","20/03/20",51,28,3,0
"Maharashtra","20/03/20",51,52,0,1
"Odisha","20/03/20",51,2,0,0
"Puducherry","20/03/20",51,1,0,0
"Punjab","20/03/20",51,2,0,1
"Rajasthan","20/03/20",51,17,3,0
"Tamil Nadu","20/03/20",51,3,1,0
"Telengana","20/03/20",51,17,1,0
"Chandigarh","20/03/20",51,1,0,0
"Jammu and Kashmir","20/03/20",51,4,0,0
"Ladakh","20/03/20",51,10,0,0
"Uttar Pradesh","20/03/20",51,23,9,0
"Uttarakhand","20/03/20",51,3,0,0
"West Bengal","20/03/20",51,2,0,0
"Andhra Pradesh","21/03/20",52,3,0,0
"Chhattisgarh","21/03/20",52,1,0,0
"Delhi","21/03/20",52,26,5,1
"Gujarat","21/03/20",52,7,0,0
"Haryana","21/03/20",52,17,0,0
"Himachal Pradesh","21/03/20",52,2,0,0
"Karnataka","21/03/20",52,15,1,1
"Kerala","21/03/20",52,40,3,0
"Madhya Pradesh","21/03/20",52,4,0,0
"Maharashtra","21/03/20",52,63,0,1
"Odisha","21/03/20",52,2,0,0
"Puducherry","21/03/20",52,1,0,0
"Punjab","21/03/20",52,13,0,1
"Rajasthan","21/03/20",52,17,3,0
"Tamil Nadu","21/03/20",52,3,1,0
"Telengana","21/03/20",52,21,1,0
"Chandigarh","21/03/20",52,1,0,0
"Jammu and Kashmir","21/03/20",52,4,0,0
"Ladakh","21/03/20",52,13,0,0
"Uttar Pradesh","21/03/20",52,24,9,0
"Uttarakhand","21/03/20",52,3,0,0
"West Bengal","21/03/20",52,3,0,0
"Andhra Pradesh","22/03/20",53,5,0,0
"Bihar","22/03/20",53,2,0,1
"Chhattisgarh","22/03/20",53,1,0,0
"Delhi","22/03/20",53,29,5,1
"Gujarat","22/03/20",53,18,0,1
"Haryana","22/03/20",53,21,0,0
"Himachal Pradesh","22/03/20",53,2,0,0
"Karnataka","22/03/20",53,26,2,1
"Kerala","22/03/20",53,52,3,0
"Madhya Pradesh","22/03/20",53,4,0,0
"Maharashtra","22/03/20",53,67,0,2
"Odisha","22/03/20",53,2,0,0
"Puducherry","22/03/20",53,1,0,0
"Punjab","22/03/20",53,21,0,1
"Rajasthan","22/03/20",53,24,3,0
"Tamil Nadu","22/03/20",53,7,1,0
"Telengana","22/03/20",53,22,1,0
"Chandigarh","22/03/20",53,5,0,0
"Jammu and Kashmir","22/03/20",53,4,0,0
"Ladakh","22/03/20",53,13,0,0
"Uttar Pradesh","22/03/20",53,27,9,0
"Uttarakhand","22/03/20",53,3,0,0
"West Bengal","22/03/20",53,4,0,0
"Andhra Pradesh","23/03/20",54,7,0,0
"Bihar","23/03/20",54,2,0,1
"Chhattisgarh","23/03/20",54,1,0,0
"Delhi","23/03/20",54,29,5,1
"Gujarat","23/03/20",54,29,0,1
"Haryana","23/03/20",54,26,0,0
"Himachal Pradesh","23/03/20",54,2,0,0
"Karnataka","23/03/20",54,33,2,1
"Kerala","23/03/20",54,67,3,0
"Madhya Pradesh","23/03/20",54,6,0,0
"Maharashtra","23/03/20",54,74,0,2
"Odisha","23/03/20",54,2,0,0
"Puducherry","23/03/20",54,1,0,0
"Punjab","23/03/20",54,21,0,1
"Rajasthan","23/03/20",54,28,3,0
"Tamil Nadu","23/03/20",54,9,1,0
"Telengana","23/03/20",54,32,1,0
"Chandigarh","23/03/20",54,6,0,0
"Jammu and Kashmir","23/03/20",54,4,0,0
"Ladakh","23/03/20",54,13,0,0
"Uttar Pradesh","23/03/20",54,31,9,0
"Uttarakhand","23/03/20",54,3,0,0
"West Bengal","23/03/20",54,7,0,0
"Andhra Pradesh","24/03/20",55,8,0,0
"Bihar","24/03/20",55,3,0,1
"Chhattisgarh","24/03/20",55,1,0,0
"Delhi","24/03/20",55,30,6,1
"Gujarat","24/03/20",55,33,0,1
"Haryana","24/03/20",55,28,11,0
"Himachal Pradesh","24/03/20",55,3,0,1
"Karnataka","24/03/20",55,37,3,1
"Kerala","24/03/20",55,95,4,0
"Madhya Pradesh","24/03/20",55,7,0,0
"Maharashtra","24/03/20",55,89,0,2
"Manipur","24/03/20",55,1,0,0
"Odisha","24/03/20",55,2,0,0
"Puducherry","24/03/20",55,1,0,0
"Punjab","24/03/20",55,29,0,1
"Rajasthan","24/03/20",55,32,3,0
"Tamil Nadu","24/03/20",55,15,1,0
"Telengana","24/03/20",55,35,1,0
"Chandigarh","24/03/20",55,7,0,0
"Jammu and Kashmir","24/03/20",55,4,0,0
"Ladakh","24/03/20",55,13,0,0
"Uttar Pradesh","24/03/20",55,33,11,0
"Uttarakhand","24/03/20",55,4,0,0
"West Bengal","24/03/20",55,9,0,1
"Andhra Pradesh","25/03/20",56,9,1,0
"Bihar","25/03/20",56,4,0,1
"Chhattisgarh","25/03/20",56,1,0,0
"Delhi","25/03/20",56,31,6,1
"Gujarat","25/03/20",56,38,0,1
"Haryana","25/03/20",56,28,11,0
"Himachal Pradesh","25/03/20",56,3,0,1
"Karnataka","25/03/20",56,41,3,1
"Kerala","25/03/20",56,109,4,0
"Madhya Pradesh","25/03/20",56,14,0,0
"Maharashtra","25/03/20",56,128,1,3
"Manipur","25/03/20",56,1,0,0
"Mizoram","25/03/20",56,1,0,0
"Odisha","25/03/20",56,2,0,0
"Puducherry","25/03/20",56,1,0,0
"Punjab","25/03/20",56,29,0,1
"Rajasthan","25/03/20",56,36,3,0
"Tamil Nadu","25/03/20",56,18,1,0
"Telengana","25/03/20",56,35,1,0
"Chandigarh","25/03/20",56,7,0,0
"Jammu and Kashmir","25/03/20",56,7,1,0
"Ladakh","25/03/20",56,13,0,0
"Uttar Pradesh","25/03/20",56,37,11,0
"Uttarakhand","25/03/20",56,4,0,0
"West Bengal","25/03/20",56,9,0,1
"Andaman and Nicobar Islands","26/03/20",57,1,0,0
"Andhra Pradesh","26/03/20",57,11,1,0
"Bihar","26/03/20",57,6,0,1
"Chandigarh","26/03/20",57,7,0,0
"Chhattisgarh","26/03/20",57,6,0,0
"Delhi","26/03/20",57,36,6,1
"Goa","26/03/20",57,3,0,0
"Gujarat","26/03/20",57,43,0,3
"Haryana","26/03/20",57,30,11,0
"Himachal Pradesh","26/03/20",57,3,0,1
"Jammu and Kashmir","26/03/20",57,13,1,0
"Karnataka","26/03/20",57,55,3,2
"Kerala","26/03/20",57,118,6,0
"Ladakh","26/03/20",57,13,0,0
"Madhya Pradesh","26/03/20",57,20,0,1
"Maharashtra","26/03/20",57,124,1,3
"Manipur","26/03/20",57,1,0,0
"Mizoram","26/03/20",57,1,0,0
"Odisha","26/03/20",57,2,0,0
"Puducherry","26/03/20",57,1,0,0
"Punjab","26/03/20",57,33,0,1
"Rajasthan","26/03/20",57,41,3,0
"Tamil Nadu","26/03/20",57,26,1,1
"Telengana","26/03/20",57,44,1,0
"Uttarakhand","26/03/20",57,5,0,0
"Uttar Pradesh","26/03/20",57,41,11,0
"West Bengal","26/03/20",57,10,0,1
"Andaman and Nicobar Islands","27/03/20",58,1,0,0
"Andhra Pradesh","27/03/20",58,12,1,0
"Bihar","27/03/20",58,6,0,1
"Chandigarh","27/03/20",58,7,0,0
"Chhattisgarh","27/03/20",58,6,0,0
"Delhi","27/03/20",58,36,6,1
"Goa","27/03/20",58,3,0,0
"Gujarat","27/03/20",58,43,0,3
"Haryana","27/03/20",58,30,11,0
"Himachal Pradesh","27/03/20",58,3,0,1
"Jammu and Kashmir","27/03/20",58,13,1,1
"Karnataka","27/03/20",58,55,3,2
"Kerala","27/03/20",58,137,11,0
"Ladakh","27/03/20",58,13,3,0
"Madhya Pradesh","27/03/20",58,20,0,1
"Maharashtra","27/03/20",58,130,15,4
"Manipur","27/03/20",58,1,0,0
"Mizoram","27/03/20",58,1,0,0
"Odisha","27/03/20",58,2,0,0
"Puducherry","27/03/20",58,1,0,0
"Punjab","27/03/20",58,33,0,1
"Rajasthan","27/03/20",58,41,3,0
"Tamil Nadu","27/03/20",58,29,1,1
"Telengana","27/03/20",58,45,1,0
"Uttarakhand","27/03/20",58,5,0,0
"Uttar Pradesh","27/03/20",58,41,11,0
"West Bengal","27/03/20",58,10,0,1
"Andhra Pradesh","28/03/20",59,14,1,0
"Andaman and Nicobar Islands","28/03/20",59,6,0,0
"Bihar","28/03/20",59,9,0,1
"Chandigarh","28/03/20",59,8,0,0
"Chhattisgarh","28/03/20",59,6,0,0
"Delhi","28/03/20",59,39,6,1
"Goa","28/03/20",59,3,0,0
"Gujarat","28/03/20",59,45,0,3
"Haryana","28/03/20",59,33,12,0
"Himachal Pradesh","28/03/20",59,3,0,1
"Jammu and Kashmir","28/03/20",59,20,1,1
"Karnataka","28/03/20",59,55,3,2
"Kerala","28/03/20",59,176,11,0
"Ladakh","28/03/20",59,13,3,0
"Madhya Pradesh","28/03/20",59,30,0,2
"Maharashtra","28/03/20",59,180,25,5
"Manipur","28/03/20",59,1,0,0
"Mizoram","28/03/20",59,1,0,0
"Odisha","28/03/20",59,3,0,0
"Puducherry","28/03/20",59,1,0,0
"Punjab","28/03/20",59,38,1,1
"Rajasthan","28/03/20",59,54,3,0
"Tamil Nadu","28/03/20",59,40,2,1
"Telengana","28/03/20",59,56,1,0
"Uttarakhand","28/03/20",59,5,0,0
"Uttar Pradesh","28/03/20",59,55,11,0
"West Bengal","28/03/20",59,15,0,1
"Andhra Pradesh","29/03/20",60,19,1,0
"Andaman and Nicobar Islands","29/03/20",60,9,0,0
"Bihar","29/03/20",60,11,0,1
"Chandigarh","29/03/20",60,8,0,0
"Chhattisgarh","29/03/20",60,7,0,0
"Delhi","29/03/20",60,49,6,2
"Goa","29/03/20",60,5,0,0
"Gujarat","29/03/20",60,58,1,5
"Haryana","29/03/20",60,33,17,0
"Himachal Pradesh","29/03/20",60,3,0,1
"Jammu and Kashmir","29/03/20",60,31,1,2
"Karnataka","29/03/20",60,76,5,3
"Kerala","29/03/20",60,182,15,1
"Ladakh","29/03/20",60,13,3,0
"Madhya Pradesh","29/03/20",60,30,0,2
"Maharashtra","29/03/20",60,186,25,6
"Manipur","29/03/20",60,1,0,0
"Mizoram","29/03/20",60,1,0,0
"Odisha","29/03/20",60,3,0,0
"Puducherry","29/03/20",60,1,0,0
"Punjab","29/03/20",60,38,1,1
"Rajasthan","29/03/20",60,55,3,0
"Tamil Nadu","29/03/20",60,49,4,1
"Telengana","29/03/20",60,66,1,1
"Uttarakhand","29/03/20",60,7,2,0
"Uttar Pradesh","29/03/20",60,65,11,0
"West Bengal","29/03/20",60,18,0,1
"Andhra Pradesh","30/03/20",61,23,1,0
"Andaman and Nicobar Islands","30/03/20",61,9,0,0
"Bihar","30/03/20",61,15,0,1
"Chandigarh","30/03/20",61,8,0,0
"Chhattisgarh","30/03/20",61,7,0,0
"Delhi","30/03/20",61,87,6,2
"Goa","30/03/20",61,5,0,0
"Gujarat","30/03/20",61,69,1,6
"Haryana","30/03/20",61,36,18,0
"Himachal Pradesh","30/03/20",61,3,0,1
"Jammu and Kashmir","30/03/20",61,48,2,2
"Karnataka","30/03/20",61,83,5,3
"Kerala","30/03/20",61,202,19,1
"Ladakh","30/03/20",61,13,3,0
"Madhya Pradesh","30/03/20",61,47,0,3
"Maharashtra","30/03/20",61,198,25,8
"Manipur","30/03/20",61,1,0,0
"Mizoram","30/03/20",61,1,0,0
"Odisha","30/03/20",61,3,0,0
"Puducherry","30/03/20",61,1,0,0
"Punjab","30/03/20",61,38,1,1
"Rajasthan","30/03/20",61,59,3,0
"Tamil Nadu","30/03/20",61,67,4,1
"Telengana","30/03/20",61,71,1,1
"Uttarakhand","30/03/20",61,7,2,0
"Uttar Pradesh","30/03/20",61,82,11,0
"West Bengal","30/03/20",61,22,0,1
"Andhra Pradesh","31/03/20",62,40,1,0
"Andaman and Nicobar Islands","31/03/20",62,10,0,0
"Bihar","31/03/20",62,15,0,1
"Chandigarh","31/03/20",62,13,0,0
"Chhattisgarh","31/03/20",62,8,0,0
"Delhi","31/03/20",62,97,6,2
"Goa","31/03/20",62,5,0,0
"Gujarat","31/03/20",62,73,3,6
"Haryana","31/03/20",62,40,21,0
"Himachal Pradesh","31/03/20",62,3,0,1
"Jammu and Kashmir","31/03/20",62,54,2,2
"Karnataka","31/03/20",62,83,5,3
"Kerala","31/03/20",62,234,19,1
"Ladakh","31/03/20",62,13,3,0
"Madhya Pradesh","31/03/20",62,47,0,3
"Maharashtra","31/03/20",62,216,39,9
"Manipur","31/03/20",62,1,0,0
"Mizoram","31/03/20",62,1,0,0
"Odisha","31/03/20",62,3,0,0
"Puducherry","31/03/20",62,1,0,0
"Punjab","31/03/20",62,41,1,3
"Rajasthan","31/03/20",62,74,3,0
"Tamil Nadu","31/03/20",62,74,4,1
"Telengana","31/03/20",62,79,1,1
"Uttarakhand","31/03/20",62,7,2,0
"Uttar Pradesh","31/03/20",62,101,14,0
"West Bengal","31/03/20",62,26,0,2
"Andhra Pradesh","01/04/20",63,83,1,0
"Andaman and Nicobar Islands","01/04/20",63,10,0,0
"Assam","01/04/20",63,1,0,0
"Bihar","01/04/20",63,23,0,1
"Chandigarh","01/04/20",63,16,0,0
"Chhattisgarh","01/04/20",63,9,2,0
"Delhi","01/04/20",63,152,6,2
"Goa","01/04/20",63,5,0,0
"Gujarat","01/04/20",63,82,5,6
"Haryana","01/04/20",63,43,21,0
"Himachal Pradesh","01/04/20",63,3,0,1
"Jammu and Kashmir","01/04/20",63,62,2,2
"Jharkhand","01/04/20",63,1,0,0
"Karnataka","01/04/20",63,101,8,3
"Kerala","01/04/20",63,241,23,2
"Ladakh","01/04/20",63,13,3,0
"Madhya Pradesh","01/04/20",63,66,0,3
"Maharashtra","01/04/20",63,302,39,9
"Manipur","01/04/20",63,1,0,0
"Mizoram","01/04/20",63,1,0,0
"Odisha","01/04/20",63,4,0,0
"Puducherry","01/04/20",63,3,1,0
"Punjab","01/04/20",63,42,1,3
"Rajasthan","01/04/20",63,93,3,0
"Tamil Nadu","01/04/20",63,234,6,1
"Telengana","01/04/20",63,96,1,3
"Uttarakhand","01/04/20",63,7,2,0
"Uttar Pradesh","01/04/20",63,103,14,2
"West Bengal","01/04/20",63,37,6,3
"Andhra Pradesh","02/04/20",64,86,1,1
"Andaman and Nicobar Islands","02/04/20",64,10,0,0
"Assam","02/04/20",64,5,0,0
"Bihar","02/04/20",64,24,0,1
"Chandigarh","02/04/20",64,16,0,0
"Chhattisgarh","02/04/20",64,9,2,0
"Delhi","02/04/20",64,219,8,4
"Goa","02/04/20",64,5,0,0
"Gujarat","02/04/20",64,87,8,7
"Haryana","02/04/20",64,43,21,0
"Himachal Pradesh","02/04/20",64,3,1,1
"Jammu and Kashmir","02/04/20",64,62,2,2
"Jharkhand","02/04/20",64,1,0,0
"Karnataka","02/04/20",64,110,9,3
"Kerala","02/04/20",64,265,25,2
"Ladakh","02/04/20",64,13,3,0
"Madhya Pradesh","02/04/20",64,99,0,6
"Maharashtra","02/04/20",64,335,42,13
"Manipur","02/04/20",64,1,0,0
"Mizoram","02/04/20",64,1,0,0
"Odisha","02/04/20",64,4,0,0
"Puducherry","02/04/20",64,3,1,0
"Punjab","02/04/20",64,46,1,4
"Rajasthan","02/04/20",64,108,3,0
"Tamil Nadu","02/04/20",64,234,6,1
"Telengana","02/04/20",64,107,1,3
"Uttarakhand","02/04/20",64,7,2,0
"Uttar Pradesh","02/04/20",64,113,14,2
"West Bengal","02/04/20",64,53,6,3
"Andhra Pradesh","03/04/20",65,132,1,1
"Andaman and Nicobar Islands","03/04/20",65,10,0,0
"Arunachal Pradesh","03/04/20",65,1,0,0
"Assam","03/04/20",65,16,0,0
"Bihar","03/04/20",65,29,0,1
"Chandigarh","03/04/20",65,18,0,0
"Chhattisgarh","03/04/20",65,9,3,0
"Delhi","03/04/20",65,219,8,4
"Goa","03/04/20",65,6,0,0
"Gujarat","03/04/20",65,95,10,8
"Haryana","03/04/20",65,49,24,0
"Himachal Pradesh","03/04/20",65,6,1,1
"Jammu and Kashmir","03/04/20",65,75,3,2
"Jharkhand","03/04/20",65,2,0,0
"Karnataka","03/04/20",65,124,10,3
"Kerala","03/04/20",65,286,27,2
"Ladakh","03/04/20",65,14,3,0
"Madhya Pradesh","03/04/20",65,104,0,6
"Maharashtra","03/04/20",65,335,42,16
"Manipur","03/04/20",65,2,0,0
"Mizoram","03/04/20",65,1,0,0
"Odisha","03/04/20",65,5,0,0
"Puducherry","03/04/20",65,5,1,0
"Punjab","03/04/20",65,48,1,5
"Rajasthan","03/04/20",65,167,3,0
"Tamil Nadu","03/04/20",65,309,6,1
"Telengana","03/04/20",65,158,1,7
"Uttarakhand","03/04/20",65,10,2,0
"Uttar Pradesh","03/04/20",65,172,14,2
"West Bengal","03/04/20",65,63,3,3
"Andhra Pradesh","04/04/20",66,161,1,1
"Andaman and Nicobar Islands","04/04/20",66,10,0,0
"Arunachal Pradesh","04/04/20",66,1,0,0
"Assam","04/04/20",66,24,0,0
"Bihar","04/04/20",66,30,0,1
"Chandigarh","04/04/20",66,18,0,0
"Chhattisgarh","04/04/20",66,9,3,0
"Delhi","04/04/20",66,445,15,6
"Goa","04/04/20",66,7,0,0
"Gujarat","04/04/20",66,105,14,10
"Haryana","04/04/20",66,49,24,0
"Himachal Pradesh","04/04/20",66,6,1,1
"Jammu and Kashmir","04/04/20",66,75,3,2
"Jharkhand","04/04/20",66,2,0,0
"Karnataka","04/04/20",66,128,12,3
"Kerala","04/04/20",66,295,41,2
"Ladakh","04/04/20",66,14,3,0
"Madhya Pradesh","04/04/20",66,104,0,6
"Maharashtra","04/04/20",66,490,42,24
"Manipur","04/04/20",66,2,0,0
"Mizoram","04/04/20",66,1,0,0
"Odisha","04/04/20",66,5,0,0
"Puducherry","04/04/20",66,5,1,0
"Punjab","04/04/20",66,57,1,5
"Rajasthan","04/04/20",66,200,21,0
"Tamil Nadu","04/04/20",66,411,6,2
"Telengana","04/04/20",66,159,1,7
"Uttarakhand","04/04/20",66,16,2,0
"Uttar Pradesh","04/04/20",66,174,19,2
"West Bengal","04/04/20",66,69,3,3
"Andhra Pradesh","05/04/20",67,190,1,1
"Andaman and Nicobar Islands","05/04/20",67,10,0,0
"Arunachal Pradesh","05/04/20",67,1,0,0
"Assam","05/04/20",67,26,0,0
"Bihar","05/04/20",67,30,0,1
"Chandigarh","05/04/20",67,18,0,0
"Chhattisgarh","05/04/20",67,9,3,0
"Delhi","05/04/20",67,503,18,7
"Goa","05/04/20",67,7,0,0
"Gujarat","05/04/20",67,122,18,11
"Haryana","05/04/20",67,59,25,1
"Himachal Pradesh","05/04/20",67,6,1,1
"Jammu and Kashmir","05/04/20",67,106,4,2
"Jharkhand","05/04/20",67,3,0,0
"Karnataka","05/04/20",67,144,12,4
"Kerala","05/04/20",67,306,49,2
"Ladakh","05/04/20",67,14,10,0
"Madhya Pradesh","05/04/20",67,165,0,9
"Maharashtra","05/04/20",67,490,42,24
"Manipur","05/04/20",67,2,0,0
"Mizoram","05/04/20",67,1,0,0
"Odisha","05/04/20",67,20,0,0
"Puducherry","05/04/20",67,5,1,0
"Punjab","05/04/20",67,57,1,5
"Rajasthan","05/04/20",67,200,21,0
"Tamil Nadu","05/04/20",67,485,6,3
"Telengana","05/04/20",67,269,32,7
"Uttarakhand","05/04/20",67,22,2,0
"Uttar Pradesh","05/04/20",67,227,19,2
"West Bengal","05/04/20",67,80,10,3
"Andhra Pradesh","06/04/20",68,226,1,3
"Andaman and Nicobar Islands","06/04/20",68,10,0,0
"Arunachal Pradesh","06/04/20",68,1,0,0
"Assam","06/04/20",68,26,0,0
"Bihar","06/04/20",68,32,0,1
"Chandigarh","06/04/20",68,18,0,0
"Chhattisgarh","06/04/20",68,10,8,0
"Delhi","06/04/20",68,523,19,7
"Goa","06/04/20",68,7,0,0
"Gujarat","06/04/20",68,144,22,12
"Haryana","06/04/20",68,84,25,1
"Himachal Pradesh","06/04/20",68,13,2,1
"Jammu and Kashmir","06/04/20",68,109,4,2
"Jharkhand","06/04/20",68,4,0,0
"Karnataka","06/04/20",68,151,12,4
"Kerala","06/04/20",68,314,55,2
"Ladakh","06/04/20",68,14,10,0
"Madhya Pradesh","06/04/20",68,165,0,9
"Maharashtra","06/04/20",68,748,56,45
"Manipur","06/04/20",68,2,0,0
"Mizoram","06/04/20",68,1,0,0
"Odisha","06/04/20",68,21,2,0
"Puducherry","06/04/20",68,5,1,0
"Punjab","06/04/20",68,76,4,6
"Rajasthan","06/04/20",68,274,21,0
"Tamil Nadu","06/04/20",68,571,8,5
"Telengana","06/04/20",68,321,34,7
"Uttarakhand","06/04/20",68,26,4,0
"Uttar Pradesh","06/04/20",68,305,21,3
"West Bengal","06/04/20",68,80,10,3
"Andhra Pradesh","07/04/20",69,266,1,3
"Andaman and Nicobar Islands","07/04/20",69,10,0,0
"Arunachal Pradesh","07/04/20",69,1,0,0
"Assam","07/04/20",69,26,0,0
"Bihar","07/04/20",69,32,0,1
"Chandigarh","07/04/20",69,18,7,0
"Chhattisgarh","07/04/20",69,10,9,0
"Delhi","07/04/20",69,576,21,7
"Goa","07/04/20",69,7,0,0
"Gujarat","07/04/20",69,165,25,13
"Haryana","07/04/20",69,90,25,1
"Himachal Pradesh","07/04/20",69,13,2,1
"Jammu and Kashmir","07/04/20",69,116,4,2
"Jharkhand","07/04/20",69,4,0,0
"Karnataka","07/04/20",69,175,25,4
"Kerala","07/04/20",69,327,58,2
"Ladakh","07/04/20",69,14,10,0
"Madhya Pradesh","07/04/20",69,229,0,13
"Maharashtra","07/04/20",69,868,56,48
"Manipur","07/04/20",69,2,0,0
"Mizoram","07/04/20",69,1,0,0
"Odisha","07/04/20",69,42,2,1
"Puducherry","07/04/20",69,5,1,0
"Punjab","07/04/20",69,91,4,7
"Rajasthan","07/04/20",69,288,21,3
"Tamil Nadu","07/04/20",69,621,8,5
"Telengana","07/04/20",69,364,35,7
"Tripura","07/04/20",69,1,0,0
"Uttarakhand","07/04/20",69,31,5,0
"Uttar Pradesh","07/04/20",69,305,21,3
"West Bengal","07/04/20",69,91,13,3
"Andhra Pradesh","08/04/20",70,305,5,4
"Andaman and Nicobar Islands","08/04/20",70,10,0,0
"Arunachal Pradesh","08/04/20",70,1,0,0
"Assam","08/04/20",70,27,0,0
"Bihar","08/04/20",70,38,0,1
"Chandigarh","08/04/20",70,18,7,0
"Chhattisgarh","08/04/20",70,10,9,0
"Delhi","08/04/20",70,576,21,9
"Goa","08/04/20",70,7,0,0
"Gujarat","08/04/20",70,165,25,13
"Haryana","08/04/20",70,147,28,3
"Himachal Pradesh","08/04/20",70,18,2,1
"Jammu and Kashmir","08/04/20",70,116,4,2
"Jharkhand","08/04/20",70,4,0,0
"Karnataka","08/04/20",70,175,25,4
"Kerala","08/04/20",70,336,70,2
"Ladakh","08/04/20",70,14,10,0
"Madhya Pradesh","08/04/20",70,229,0,13
"Maharashtra","08/04/20",70,1018,79,64
"Manipur","08/04/20",70,2,0,0
"Mizoram","08/04/20",70,1,0,0
"Odisha","08/04/20",70,42,2,1
"Puducherry","08/04/20",70,5,1,0
"Punjab","08/04/20",70,91,4,7
"Rajasthan","08/04/20",70,328,21,3
"Tamil Nadu","08/04/20",70,690,19,7
"Telengana","08/04/20",70,427,35,7
"Tripura","08/04/20",70,1,0,0
"Uttarakhand","08/04/20",70,31,5,0
"Uttar Pradesh","08/04/20",70,343,26,3
"West Bengal","08/04/20",70,99,13,5
"Andhra Pradesh","09/04/20",71,348,6,4
"Andaman and Nicobar Islands","09/04/20",71,11,0,0
"Arunachal Pradesh","09/04/20",71,1,0,0
"Assam","09/04/20",71,28,0,0
"Bihar","09/04/20",71,39,0,1
"Chandigarh","09/04/20",71,18,7,0
"Chhattisgarh","09/04/20",71,10,9,0
"Delhi","09/04/20",71,669,21,9
"Goa","09/04/20",71,7,0,0
"Gujarat","09/04/20",71,179,25,16
"Haryana","09/04/20",71,169,29,3
"Himachal Pradesh","09/04/20",71,18,2,1
"Jammu and Kashmir","09/04/20",71,158,4,4
"Jharkhand","09/04/20",71,13,0,0
"Karnataka","09/04/20",71,181,28,5
"Kerala","09/04/20",71,345,83,2
"Ladakh","09/04/20",71,14,10,0
"Madhya Pradesh","09/04/20",71,259,0,16
"Maharashtra","09/04/20",71,1135,117,72
"Manipur","09/04/20",71,2,1,0
"Mizoram","09/04/20",71,1,0,0
"Odisha","09/04/20",71,42,2,1
"Puducherry","09/04/20",71,5,1,0
"Punjab","09/04/20",71,101,4,8
"Rajasthan","09/04/20",71,383,21,3
"Tamil Nadu","09/04/20",71,738,21,8
"Telengana","09/04/20",71,442,35,7
"Tripura","09/04/20",71,1,0,0
"Uttarakhand","09/04/20",71,35,5,0
"Uttar Pradesh","09/04/20",71,410,31,4
"West Bengal","09/04/20",71,103,16,5
"Andhra Pradesh","10/04/20",72,363,7,6
"Andaman and Nicobar Islands","10/04/20",72,11,0,0
"Arunachal Pradesh","10/04/20",72,1,0,0
"Assam","10/04/20",72,29,0,0
"Bihar","10/04/20",72,60,0,1
"Chandigarh","10/04/20",72,18,7,0
"Chhattisgarh","10/04/20",72,10,9,0
"Delhi","10/04/20",72,898,25,13
"Goa","10/04/20",72,7,1,0
"Gujarat","10/04/20",72,241,26,17
"Haryana","10/04/20",72,169,29,3
"Himachal Pradesh","10/04/20",72,28,6,1
"Jammu and Kashmir","10/04/20",72,184,6,4
"Jharkhand","10/04/20",72,13,0,1
"Karnataka","10/04/20",72,197,30,6
"Kerala","10/04/20",72,357,96,2
"Ladakh","10/04/20",72,15,10,0
"Madhya Pradesh","10/04/20",72,259,0,16
"Maharashtra","10/04/20",72,1364,125,97
"Manipur","10/04/20",72,2,1,0
"Mizoram","10/04/20",72,1,0,0
"Odisha","10/04/20",72,44,2,1
"Puducherry","10/04/20",72,5,1,0
"Punjab","10/04/20",72,132,5,11
"Rajasthan","10/04/20",72,463,21,3
"Tamil Nadu","10/04/20",72,834,21,8
"Telengana","10/04/20",72,473,35,7
"Tripura","10/04/20",72,1,0,0
"Uttarakhand","10/04/20",72,35,5,0
"Uttar Pradesh","10/04/20",72,431,32,4
"West Bengal","10/04/20",72,116,16,5
"Andhra Pradesh","11/04/20",73,381,11,6
"Andaman and Nicobar Islands","11/04/20",73,11,0,0
"Arunachal Pradesh","11/04/20",73,1,0,0
"Assam","11/04/20",73,29,0,1
"Bihar","11/04/20",73,60,0,1
"Chandigarh","11/04/20",73,18,7,0
"Chhattisgarh","11/04/20",73,18,9,0
"Delhi","11/04/20",73,903,25,14
"Goa","11/04/20",73,7,1,0
"Gujarat","11/04/20",73,308,31,19
"Haryana","11/04/20",73,177,29,3
"Himachal Pradesh","11/04/20",73,28,6,1
"Jammu and Kashmir","11/04/20",73,207,6,4
"Jharkhand","11/04/20",73,17,0,1
"Karnataka","11/04/20",73,214,37,6
"Kerala","11/04/20",73,364,123,2
"Ladakh","11/04/20",73,15,10,0
"Madhya Pradesh","11/04/20",73,443,0,33
"Maharashtra","11/04/20",73,1574,188,110
"Manipur","11/04/20",73,2,1,0
"Mizoram","11/04/20",73,1,0,0
"Odisha","11/04/20",73,48,2,1
"Puducherry","11/04/20",73,7,1,0
"Punjab","11/04/20",73,132,5,11
"Rajasthan","11/04/20",73,553,21,3
"Tamil Nadu","11/04/20",73,911,44,8
"Telengana","11/04/20",73,504,43,9
"Tripura","11/04/20",73,2,0,0
"Uttarakhand","11/04/20",73,35,5,0
"Uttar Pradesh","11/04/20",73,433,32,4
"West Bengal","11/04/20",73,126,16,5
"Andhra Pradesh","12/04/20",74,381,11,6
"Andaman and Nicobar Islands","12/04/20",74,11,10,0
"Arunachal Pradesh","12/04/20",74,1,0,0
"Assam","12/04/20",74,29,0,1
"Bihar","12/04/20",74,64,19,1
"Chandigarh","12/04/20",74,19,7,0
"Chhattisgarh","12/04/20",74,25,10,0
"Delhi","12/04/20",74,1069,25,19
"Goa","12/04/20",74,7,5,0
"Gujarat","12/04/20",74,432,44,22
"Haryana","12/04/20",74,185,29,3
"Himachal Pradesh","12/04/20",74,32,6,1
"Jammu and Kashmir","12/04/20",74,224,6,4
"Jharkhand","12/04/20",74,17,0,1
"Karnataka","12/04/20",74,226,37,6
"Kerala","12/04/20",74,374,142,2
"Ladakh","12/04/20",74,15,10,0
"Madhya Pradesh","12/04/20",74,564,0,36
"Maharashtra","12/04/20",74,1761,208,127
"Manipur","12/04/20",74,2,1,0
"Mizoram","12/04/20",74,1,0,0
"Odisha","12/04/20",74,54,12,1
"Puducherry","12/04/20",74,7,1,0
"Punjab","12/04/20",74,151,5,11
"Rajasthan","12/04/20",74,700,21,3
"Tamil Nadu","12/04/20",74,969,44,10
"Telengana","12/04/20",74,504,43,9
"Tripura","12/04/20",74,2,0,0
"Uttarakhand","12/04/20",74,35,5,0
"Uttar Pradesh","12/04/20",74,452,45,5
"West Bengal","12/04/20",74,134,19,5
"Andhra Pradesh","13/04/20",75,432,11,7
"Andaman and Nicobar Islands","13/04/20",75,11,10,0
"Arunachal Pradesh","13/04/20",75,1,0,0
"Assam","13/04/20",75,31,0,1
"Bihar","13/04/20",75,64,26,1
"Chandigarh","13/04/20",75,21,7,0
"Chhattisgarh","13/04/20",75,31,10,0
"Delhi","13/04/20",75,1154,27,24
"Goa","13/04/20",75,7,5,0
"Gujarat","13/04/20",75,539,47,26
"Haryana","13/04/20",75,185,29,3
"Himachal Pradesh","13/04/20",75,32,13,1
"Jammu and Kashmir","13/04/20",75,245,6,4
"Jharkhand","13/04/20",75,19,0,2
"Karnataka","13/04/20",75,247,59,6
"Kerala","13/04/20",75,376,179,3
"Ladakh","13/04/20",75,15,10,0
"Madhya Pradesh","13/04/20",75,604,44,43
"Maharashtra","13/04/20",75,1985,217,149
"Manipur","13/04/20",75,2,1,0
"Mizoram","13/04/20",75,1,0,0
"Nagaland","13/04/20",75,1,0,0
"Odisha","13/04/20",75,54,12,1
"Puducherry","13/04/20",75,7,1,0
"Punjab","13/04/20",75,167,14,11
"Rajasthan","13/04/20",75,812,21,3
"Tamil Nadu","13/04/20",75,1075,50,11
"Telengana","13/04/20",75,562,100,16
"Tripura","13/04/20",75,2,0,0
"Uttarakhand","13/04/20",75,35,5,0
"Uttar Pradesh","13/04/20",75,483,47,5
"West Bengal","13/04/20",75,152,29,7
"Andhra Pradesh","14/04/20",76,473,14,9
"Andaman and Nicobar Islands","14/04/20",76,11,10,0
"Arunachal Pradesh","14/04/20",76,1,0,0
"Assam","14/04/20",76,31,0,1
"Bihar","14/04/20",76,66,26,1
"Chandigarh","14/04/20",76,21,7,0
"Chhattisgarh","14/04/20",76,31,10,0
"Delhi","14/04/20",76,1510,30,28
"Goa","14/04/20",76,7,5,0
"Gujarat","14/04/20",76,617,55,26
"Haryana","14/04/20",76,199,34,3
"Himachal Pradesh","14/04/20",76,32,13,1
"Jammu and Kashmir","14/04/20",76,270,16,4
"Jharkhand","14/04/20",76,24,0,2
"Karnataka","14/04/20",76,258,65,9
"Kerala","14/04/20",76,379,198,3
"Ladakh","14/04/20",76,15,10,0
"Madhya Pradesh","14/04/20",76,730,51,50
"Maharashtra","14/04/20",76,2337,229,160
"Manipur","14/04/20",76,2,1,0
"Meghalaya","14/04/20",76,1,0,0
"Mizoram","14/04/20",76,1,0,0
"Nagaland","14/04/20",76,1,0,0
"Odisha","14/04/20",76,55,18,1
"Puducherry","14/04/20",76,7,1,0
"Punjab","14/04/20",76,176,14,12
"Rajasthan","14/04/20",76,879,133,3
"Tamil Nadu","14/04/20",76,1173,58,11
"Telengana","14/04/20",76,624,100,17
"Tripura","14/04/20",76,2,0,0
"Uttarakhand","14/04/20",76,35,7,0
"Uttar Pradesh","14/04/20",76,657,49,5
"West Bengal","14/04/20",76,190,36,7
"Andaman and Nicobar Islands","15/04/20",77,11,10,0
"Andhra Pradesh","15/04/20",77,503,16,9
"Arunachal Pradesh","15/04/20",77,1,0,0
"Assam","15/04/20",77,33,0,1
"Bihar","15/04/20",77,70,29,1
"Chandigarh","15/04/20",77,21,7,0
"Chhattisgarh","15/04/20",77,33,13,0
"Delhi","15/04/20",77,1561,30,30
"Goa","15/04/20",77,7,5,0
"Gujarat","15/04/20",77,695,59,30
"Haryana","15/04/20",77,199,34,3
"Himachal Pradesh","15/04/20",77,33,13,1
"Jammu and Kashmir","15/04/20",77,278,30,4
"Jharkhand","15/04/20",77,27,0,2
"Karnataka","15/04/20",77,277,75,11
"Kerala","15/04/20",77,387,211,3
"Ladakh","15/04/20",77,17,10,0
"Madhya Pradesh","15/04/20",77,987,64,53
"Maharashtra","15/04/20",77,2687,259,178
"Manipur","15/04/20",77,2,1,0
"Meghalaya","15/04/20",77,7,0,1
"Mizoram","15/04/20",77,1,0,0
"Nagaland","15/04/20",77,0,0,0
"Odisha","15/04/20",77,60,18,1
"Puducherry","15/04/20",77,7,1,0
"Punjab","15/04/20",77,186,14,13
"Rajasthan","15/04/20",77,1005,147,3
"Tamil Nadu","15/04/20",77,1204,81,12
"Telengana","15/04/20",77,647,120,18
"Tripura","15/04/20",77,2,0,0
"Uttarakhand","15/04/20",77,37,9,0
"Uttar Pradesh","15/04/20",77,735,51,11
"West Bengal","15/04/20",77,213,37,7
"Andaman and Nicobar Islands","16/04/20",78,11,10,0
"Andhra Pradesh","16/04/20",78,534,20,14
"Arunachal Pradesh","16/04/20",78,1,0,0
"Assam","16/04/20",78,33,5,1
"Bihar","16/04/20",78,74,29,1
"Chandigarh","16/04/20",78,21,7,0
"Chhattisgarh","16/04/20",78,33,17,0
"Delhi","16/04/20",78,1578,42,32
"Goa","16/04/20",78,7,5,0
"Gujarat","16/04/20",78,871,64,36
"Haryana","16/04/20",78,205,43,3
"Himachal Pradesh","16/04/20",78,35,16,1
"Jammu and Kashmir","16/04/20",78,300,36,4
"Jharkhand","16/04/20",78,28,0,2
"Karnataka","16/04/20",78,315,82,13
"Kerala","16/04/20",78,388,218,3
"Ladakh","16/04/20",78,17,10,0
"Madhya Pradesh","16/04/20",78,1120,64,53
"Maharashtra","16/04/20",78,2919,295,187
"Manipur","16/04/20",78,2,1,0
"Meghalaya","16/04/20",78,7,0,1
"Mizoram","16/04/20",78,1,0,0
"Nagaland","16/04/20",78,0,0,0
"Odisha","16/04/20",78,60,18,1
"Puducherry","16/04/20",78,7,1,0
"Punjab","16/04/20",78,186,27,13
"Rajasthan","16/04/20",78,1023,147,3
"Tamil Nadu","16/04/20",78,1242,118,14
"Telengana","16/04/20",78,698,120,18
"Tripura","16/04/20",78,2,1,0
"Uttarakhand","16/04/20",78,37,9,0
"Uttar Pradesh","16/04/20",78,773,68,13
"West Bengal","16/04/20",78,231,42,7
"Andaman and Nicobar Islands","17/04/20",79,12,11,0
"Andhra Pradesh","17/04/20",79,572,36,14
"Arunachal Pradesh","17/04/20",79,1,0,0
"Assam","17/04/20",79,35,5,1
"Bihar","17/04/20",79,83,37,2
"Chandigarh","17/04/20",79,21,9,0
"Chhattisgarh","17/04/20",79,36,24,0
"Delhi","17/04/20",79,1707,72,42
"Goa","17/04/20",79,7,6,0
"Gujarat","17/04/20",79,1099,86,41
"Haryana","17/04/20",79,225,43,3
"Himachal Pradesh","17/04/20",79,36,16,1
"Jammu and Kashmir","17/04/20",79,328,42,5
"Jharkhand","17/04/20",79,33,0,2
"Karnataka","17/04/20",79,359,89,13
"Kerala","17/04/20",79,396,255,3
"Ladakh","17/04/20",79,18,14,0
"Madhya Pradesh","17/04/20",79,1310,69,69
"Maharashtra","17/04/20",79,3323,331,201
"Manipur","17/04/20",79,2,1,0
"Meghalaya","17/04/20",79,9,0,1
"Mizoram","17/04/20",79,1,0,0
"Nagaland","17/04/20",79,0,0,0
"Odisha","17/04/20",79,60,19,1
"Puducherry","17/04/20",79,7,1,0
"Punjab","17/04/20",79,202,27,13
"Rajasthan","17/04/20",79,1229,183,11
"Tamil Nadu","17/04/20",79,1323,283,15
"Telengana","17/04/20",79,766,186,18
"Tripura","17/04/20",79,2,1,0
"Uttarakhand","17/04/20",79,40,9,0
"Uttar Pradesh","17/04/20",79,849,82,14
"West Bengal","17/04/20",79,287,55,10
"Andaman and Nicobar Islands","18/04/20",80,14,11,0
"Andhra Pradesh","18/04/20",80,603,42,15
"Arunachal Pradesh","18/04/20",80,1,0,0
"Assam","18/04/20",80,35,12,1
"Bihar","18/04/20",80,86,37,2
"Chandigarh","18/04/20",80,23,10,0
"Chhattisgarh","18/04/20",80,36,24,0
"Delhi","18/04/20",80,1893,72,42
"Goa","18/04/20",80,7,6,0
"Gujarat","18/04/20",80,1376,93,53
"Haryana","18/04/20",80,225,43,3
"Himachal Pradesh","18/04/20",80,39,16,1
"Jammu and Kashmir","18/04/20",80,341,51,5
"Jharkhand","18/04/20",80,34,0,2
"Karnataka","18/04/20",80,384,104,14
"Kerala","18/04/20",80,400,257,3
"Ladakh","18/04/20",80,18,14,0
"Madhya Pradesh","18/04/20",80,1407,127,70
"Maharashtra","18/04/20",80,3651,365,211
"Manipur","18/04/20",80,2,1,0
"Meghalaya","18/04/20",80,11,0,1
"Mizoram","18/04/20",80,1,0,0
"Nagaland","18/04/20",80,0,0,0
"Odisha","18/04/20",80,61,24,1
"Puducherry","18/04/20",80,7,3,0
"Punjab","18/04/20",80,202,27,13
"Rajasthan","18/04/20",80,1351,183,11
"Tamil Nadu","18/04/20",80,1372,365,15
"Telengana","18/04/20",80,809,186,18
"Tripura","18/04/20",80,2,1,0
"Uttarakhand","18/04/20",80,42,9,0
"Uttar Pradesh","18/04/20",80,969,86,14
"West Bengal","18/04/20",80,310,62,12
"Andaman and Nicobar Islands","19/04/20",81,14,11,0
"Andhra Pradesh","19/04/20",81,603,42,15
"Arunachal Pradesh","19/04/20",81,1,0,0
"Assam","19/04/20",81,35,12,1
"Bihar","19/04/20",81,86,37,2
"Chandigarh","19/04/20",81,23,10,0
"Chhattisgarh","19/04/20",81,36,24,0
"Delhi","19/04/20",81,1893,72,43
"Goa","19/04/20",81,7,6,0
"Gujarat","19/04/20",81,1604,94,58
"Haryana","19/04/20",81,233,87,3
"Himachal Pradesh","19/04/20",81,39,16,1
"Jammu and Kashmir","19/04/20",81,341,51,5
"Jharkhand","19/04/20",81,35,0,2
"Karnataka","19/04/20",81,384,104,14
"Kerala","19/04/20",81,400,257,3
"Ladakh","19/04/20",81,18,14,0
"Madhya Pradesh","19/04/20",81,1407,127,70
"Maharashtra","19/04/20",81,3651,365,211
"Manipur","19/04/20",81,2,1,0
"Meghalaya","19/04/20",81,11,0,1
"Mizoram","19/04/20",81,1,0,0
"Nagaland","19/04/20",81,0,0,0
"Odisha","19/04/20",81,61,24,1
"Puducherry","19/04/20",81,7,3,0
"Punjab","19/04/20",81,219,31,16
"Rajasthan","19/04/20",81,1351,183,11
"Tamil Nadu","19/04/20",81,1372,365,15
"Telengana","19/04/20",81,844,186,18
"Tripura","19/04/20",81,2,1,0
"Uttarakhand","19/04/20",81,42,9,0
"Uttar Pradesh","19/04/20",81,1084,108,17
"West Bengal","19/04/20",81,310,62,12
"Andaman and Nicobar Islands","20/04/20",82,16,11,0
"Andhra Pradesh","20/04/20",82,722,92,20
"Arunachal Pradesh","20/04/20",82,1,0,0
"Assam","20/04/20",82,35,19,1
"Bihar","20/04/20",82,113,42,2
"Chandigarh","20/04/20",82,26,13,0
"Chhattisgarh","20/04/20",82,36,25,0
"Delhi","20/04/20",82,2081,431,47
"Goa","20/04/20",82,7,7,0
"Gujarat","20/04/20",82,1939,131,71
"Haryana","20/04/20",82,254,127,3
"Himachal Pradesh","20/04/20",82,39,16,1
"Jammu and Kashmir","20/04/20",82,368,71,5
"Jharkhand","20/04/20",82,46,0,2
"Karnataka","20/04/20",82,408,112,16
"Kerala","20/04/20",82,408,291,3
"Ladakh","20/04/20",82,18,14,0
"Madhya Pradesh","20/04/20",82,1485,127,74
"Maharashtra","20/04/20",82,4666,572,232
"Manipur","20/04/20",82,2,2,0
"Meghalaya","20/04/20",82,11,0,1
"Mizoram","20/04/20",82,1,0,0
"Nagaland","20/04/20",82,0,0,0
"Odisha","20/04/20",82,74,24,1
"Puducherry","20/04/20",82,7,3,0
"Punjab","20/04/20",82,245,38,16
"Rajasthan","20/04/20",82,1576,205,25
"Tamil Nadu","20/04/20",82,1520,457,17
"Telengana","20/04/20",82,873,190,23
"Tripura","20/04/20",82,2,1,0
"Uttarakhand","20/04/20",82,46,18,0
"Uttar Pradesh","20/04/20",82,1184,140,18
"West Bengal","20/04/20",82,392,73,12
"Andaman and Nicobar Islands","21/04/20",83,16,11,0
"Andhra Pradesh","21/04/20",83,757,96,22
"Arunachal Pradesh","21/04/20",83,1,1,0
"Assam","21/04/20",83,35,19,1
"Bihar","21/04/20",83,114,42,2
"Chandigarh","21/04/20",83,26,13,0
"Chhattisgarh","21/04/20",83,36,25,0
"Delhi","21/04/20",83,2081,431,47
"Goa","21/04/20",83,7,7,0
"Gujarat","21/04/20",83,2066,131,77
"Haryana","21/04/20",83,254,127,3
"Himachal Pradesh","21/04/20",83,39,16,1
"Jammu and Kashmir","21/04/20",83,368,71,5
"Jharkhand","21/04/20",83,46,0,2
"Karnataka","21/04/20",83,415,114,17
"Kerala","21/04/20",83,408,291,3
"Ladakh","21/04/20",83,18,14,0
"Madhya Pradesh","21/04/20",83,1540,127,76
"Maharashtra","21/04/20",83,4669,572,232
"Manipur","21/04/20",83,2,2,0
"Meghalaya","21/04/20",83,11,0,1
"Mizoram","21/04/20",83,1,0,0
"Nagaland","21/04/20",83,0,0,0
"Odisha","21/04/20",83,74,24,1
"Puducherry","21/04/20",83,7,3,0
"Punjab","21/04/20",83,245,39,16
"Rajasthan","21/04/20",83,1576,205,25
"Tamil Nadu","21/04/20",83,1520,457,17
"Telengana","21/04/20",83,919,190,23
"Tripura","21/04/20",83,2,1,0
"Uttarakhand","21/04/20",83,46,18,0
"Uttar Pradesh","21/04/20",83,1294,140,20
"West Bengal","21/04/20",83,392,73,12
"Andaman and Nicobar Islands","22/04/20",84,17,11,0
"Andhra Pradesh","22/04/20",84,813,120,24
"Arunachal Pradesh","22/04/20",84,1,1,0
"Assam","22/04/20",84,35,19,1
"Bihar","22/04/20",84,126,46,2
"Chandigarh","22/04/20",84,27,14,0
"Chhattisgarh","22/04/20",84,36,26,0
"Delhi","22/04/20",84,2156,611,47
"Goa","22/04/20",84,7,7,0
"Gujarat","22/04/20",84,2272,144,95
"Haryana","22/04/20",84,254,127,3
"Himachal Pradesh","22/04/20",84,39,16,1
"Jammu and Kashmir","22/04/20",84,380,81,5
"Jharkhand","22/04/20",84,45,0,3
"Karnataka","22/04/20",84,425,129,17
"Kerala","22/04/20",84,427,323,3
"Ladakh","22/04/20",84,18,14,0
"Madhya Pradesh","22/04/20",84,1592,148,80
"Maharashtra","22/04/20",84,5221,722,251
"Manipur","22/04/20",84,2,2,0
"Meghalaya","22/04/20",84,12,0,1
"Mizoram","22/04/20",84,1,0,0
"Nagaland","22/04/20",84,0,0,0
"Odisha","22/04/20",84,82,30,1
"Puducherry","22/04/20",84,7,3,0
"Punjab","22/04/20",84,251,49,16
"Rajasthan","22/04/20",84,1801,230,25
"Tamil Nadu","22/04/20",84,1596,635,18
"Telengana","22/04/20",84,945,194,23
"Tripura","22/04/20",84,2,1,0
"Uttarakhand","22/04/20",84,46,19,0
"Uttar Pradesh","22/04/20",84,1412,165,21
"West Bengal","22/04/20",84,423,73,15
"Andaman and Nicobar Islands","23/04/20",85,22,11,0
"Andhra Pradesh","23/04/20",85,895,141,27
"Arunachal Pradesh","23/04/20",85,1,1,0
"Assam","23/04/20",85,36,19,1
"Bihar","23/04/20",85,153,46,2
"Chandigarh","23/04/20",85,27,14,0
"Chhattisgarh","23/04/20",85,36,28,0
"Delhi","23/04/20",85,2376,808,50
"Goa","23/04/20",85,7,7,0
"Gujarat","23/04/20",85,2624,258,112
"Haryana","23/04/20",85,272,156,3
"Himachal Pradesh","23/04/20",85,40,18,1
"Jammu and Kashmir","23/04/20",85,427,92,5
"Jharkhand","23/04/20",85,53,8,3
"Karnataka","23/04/20",85,445,145,17
"Kerala","23/04/20",85,447,324,3
"Ladakh","23/04/20",85,18,14,0
"Madhya Pradesh","23/04/20",85,1699,203,83
"Maharashtra","23/04/20",85,6430,840,283
"Manipur","23/04/20",85,2,2,0
"Meghalaya","23/04/20",85,12,0,1
"Mizoram","23/04/20",85,1,0,0
"Nagaland","23/04/20",85,0,0,0
"Odisha","23/04/20",85,90,33,1
"Puducherry","23/04/20",85,7,3,0
"Punjab","23/04/20",85,277,65,16
"Rajasthan","23/04/20",85,1964,230,27
"Tamil Nadu","23/04/20",85,1683,752,20
"Telengana","23/04/20",85,960,197,24
"Tripura","23/04/20",85,2,1,0
"Uttarakhand","23/04/20",85,47,24,0
"Uttar Pradesh","23/04/20",85,1510,206,24
"West Bengal","23/04/20",85,514,103,15
"Andaman and Nicobar Islands","24/04/20",86,27,11,0
"Andhra Pradesh","24/04/20",86,955,145,29
"Arunachal Pradesh","24/04/20",86,1,1,0
"Assam","24/04/20",86,36,19,1
"Bihar","24/04/20",86,223,46,2
"Chandigarh","24/04/20",86,27,14,0
"Chhattisgarh","24/04/20",86,36,30,0
"Delhi","24/04/20",86,2514,857,53
"Goa","24/04/20",86,7,7,0
"Gujarat","24/04/20",86,2815,265,127
"Haryana","24/04/20",86,272,156,3
"Himachal Pradesh","24/04/20",86,40,18,1
"Jammu and Kashmir","24/04/20",86,454,109,5
"Jharkhand","24/04/20",86,57,8,3
"Karnataka","24/04/20",86,474,152,18
"Kerala","24/04/20",86,450,331,3
"Ladakh","24/04/20",86,20,14,0
"Madhya Pradesh","24/04/20",86,1852,210,92
"Maharashtra","24/04/20",86,6817,840,301
"Manipur","24/04/20",86,2,2,0
"Meghalaya","24/04/20",86,12,0,1
"Mizoram","24/04/20",86,1,0,0
"Nagaland","24/04/20",86,0,0,0
"Odisha","24/04/20",86,94,33,1
"Puducherry","24/04/20",86,7,3,0
"Punjab","24/04/20",86,298,67,17
"Rajasthan","24/04/20",86,2034,230,27
"Tamil Nadu","24/04/20",86,1755,866,22
"Telengana","24/04/20",86,984,253,26
"Tripura","24/04/20",86,2,1,0
"Uttarakhand","24/04/20",86,48,25,0
"Uttar Pradesh","24/04/20",86,1621,247,25
"West Bengal","24/04/20",86,571,103,18
"Andaman and Nicobar Islands","25/04/20",87,27,11,0
"Andhra Pradesh","25/04/20",87,1061,171,31
"Arunachal Pradesh","25/04/20",87,1,1,0
"Assam","25/04/20",87,36,19,1
"Bihar","25/04/20",87,228,46,2
"Chandigarh","25/04/20",87,28,15,0
"Chhattisgarh","25/04/20",87,36,30,0
"Delhi","25/04/20",87,2514,857,53
"Goa","25/04/20",87,7,7,0
"Gujarat","25/04/20",87,2815,265,127
"Haryana","25/04/20",87,272,156,3
"Himachal Pradesh","25/04/20",87,40,18,1
"Jammu and Kashmir","25/04/20",87,454,109,5
"Jharkhand","25/04/20",87,59,9,3
"Karnataka","25/04/20",87,489,153,18
"Kerala","25/04/20",87,451,331,4
"Ladakh","25/04/20",87,20,14,0
"Madhya Pradesh","25/04/20",87,1952,210,92
"Maharashtra","25/04/20",87,6817,957,301
"Manipur","25/04/20",87,2,2,0
"Meghalaya","25/04/20",87,12,0,1
"Mizoram","25/04/20",87,1,0,0
"Nagaland","25/04/20",87,0,0,0
"Odisha","25/04/20",87,94,33,1
"Puducherry","25/04/20",87,7,3,0
"Punjab","25/04/20",87,298,67,17
"Rajasthan","25/04/20",87,2034,230,27
"Tamil Nadu","25/04/20",87,1755,866,22
"Telengana","25/04/20",87,984,253,26
"Tripura","25/04/20",87,2,1,0
"Uttarakhand","25/04/20",87,48,25,0
"Uttar Pradesh","25/04/20",87,1778,248,26
"West Bengal","25/04/20",87,571,103,18
"Andaman and Nicobar Islands","26/04/20",88,33,11,0
"Andhra Pradesh","26/04/20",88,1097,231,31
"Arunachal Pradesh","26/04/20",88,1,1,0
"Assam","26/04/20",88,36,27,1
"Bihar","26/04/20",88,274,56,2
"Chandigarh","26/04/20",88,30,17,0
"Chhattisgarh","26/04/20",88,37,32,0
"Delhi","26/04/20",88,2918,877,54
"Goa","26/04/20",88,7,7,0
"Gujarat","26/04/20",88,3301,313,151
"Haryana","26/04/20",88,289,176,3
"Himachal Pradesh","26/04/20",88,40,22,1
"Jammu and Kashmir","26/04/20",88,523,137,6
"Jharkhand","26/04/20",88,82,13,3
"Karnataka","26/04/20",88,503,182,19
"Kerala","26/04/20",88,458,338,4
"Ladakh","26/04/20",88,20,14,0
"Madhya Pradesh","26/04/20",88,2096,302,103
"Maharashtra","26/04/20",88,8068,1076,342
"Manipur","26/04/20",88,2,2,0
"Meghalaya","26/04/20",88,12,0,1
"Mizoram","26/04/20",88,1,0,0
"Nagaland","26/04/20",88,0,0,0
"Odisha","26/04/20",88,103,35,1
"Puducherry","26/04/20",88,7,3,0
"Punjab","26/04/20",88,313,71,18
"Rajasthan","26/04/20",88,2185,518,33
"Tamil Nadu","26/04/20",88,1885,1020,24
"Telengana","26/04/20",88,1002,280,26
"Tripura","26/04/20",88,2,2,0
"Uttar Pradesh","26/04/20",88,1868,289,29
"Uttarakhand","26/04/20",88,50,28,0
"West Bengal","26/04/20",88,649,105,20
"Andaman and Nicobar Islands","27/04/20",89,33,11,0
"Andhra Pradesh","27/04/20",89,1177,235,31
"Arunachal Pradesh","27/04/20",89,1,1,0
"Assam","27/04/20",89,36,27,1
"Bihar","27/04/20",89,277,56,2
"Chandigarh","27/04/20",89,30,17,0
"Chhattisgarh","27/04/20",89,37,32,0
"Delhi","27/04/20",89,2918,877,54
"Goa","27/04/20",89,7,7,0
"Gujarat","27/04/20",89,3301,313,151
"Haryana","27/04/20",89,289,176,3
"Himachal Pradesh","27/04/20",89,40,22,1
"Jammu and Kashmir","27/04/20",89,523,137,6
"Jharkhand","27/04/20",89,82,13,3
"Karnataka","27/04/20",89,511,188,20
"Kerala","27/04/20",89,469,342,4
"Ladakh","27/04/20",89,20,14,0
"Madhya Pradesh","27/04/20",89,2168,302,106
"Maharashtra","27/04/20",89,8068,1188,342
"Manipur","27/04/20",89,2,2,0
"Meghalaya","27/04/20",89,12,0,1
"Mizoram","27/04/20",89,1,0,0
"Nagaland","27/04/20",89,0,0,0
"Odisha","27/04/20",89,108,35,1
"Puducherry","27/04/20",89,8,3,0
"Punjab","27/04/20",89,313,71,18
"Rajasthan","27/04/20",89,2185,518,41
"Tamil Nadu","27/04/20",89,1885,1020,24
"Telengana","27/04/20",89,1002,280,26
"Tripura","27/04/20",89,2,2,0
"Uttar Pradesh","27/04/20",89,1955,335,31
"Uttarakhand","27/04/20",89,51,33,0
"West Bengal","27/04/20",89,649,105,20
"Andaman and Nicobar Islands","28/04/20",90,33,11,0
"Andhra Pradesh","28/04/20",90,1259,258,31
"Arunachal Pradesh","28/04/20",90,1,1,0
"Assam","28/04/20",90,38,27,1
"Bihar","28/04/20",90,346,57,2
"Chandigarh","28/04/20",90,40,17,0
"Chhattisgarh","28/04/20",90,37,32,0
"Delhi","28/04/20",90,3108,877,54
"Goa","28/04/20",90,7,7,0
"Gujarat","28/04/20",90,3548,394,162
"Haryana","28/04/20",90,296,183,3
"Himachal Pradesh","28/04/20",90,40,22,1
"Jammu and Kashmir","28/04/20",90,546,164,7
"Jharkhand","28/04/20",90,103,17,3
"Karnataka","28/04/20",90,520,198,20
"Kerala","28/04/20",90,482,355,4
"Ladakh","28/04/20",90,22,16,0
"Madhya Pradesh","28/04/20",90,2368,361,113
"Maharashtra","28/04/20",90,8590,1282,369
"Manipur","28/04/20",90,2,2,0
"Meghalaya","28/04/20",90,12,0,1
"Mizoram","28/04/20",90,1,0,0
"Nagaland","28/04/20",90,0,0,0
"Odisha","28/04/20",90,118,37,1
"Puducherry","28/04/20",90,8,3,0
"Punjab","28/04/20",90,313,71,18
"Rajasthan","28/04/20",90,2262,669,46
"Tamil Nadu","28/04/20",90,1937,1101,24
"Telengana","28/04/20",90,1004,321,26
"Tripura","28/04/20",90,2,2,0
"Uttarakhand","28/04/20",90,51,33,0
"Uttar Pradesh","28/04/20",90,2043,400,31
"West Bengal","28/04/20",90,697,109,20
"Andaman and Nicobar Islands","29/04/20",91,33,15,0
"Andhra Pradesh","29/04/20",91,1332,287,31
"Arunachal Pradesh","29/04/20",91,1,1,0
"Assam","29/04/20",91,38,27,1
"Bihar","29/04/20",91,383,64,2
"Chandigarh","29/04/20",91,56,17,0
"Chhattisgarh","29/04/20",91,38,34,0
"Delhi","29/04/20",91,3314,1078,54
"Goa","29/04/20",91,7,7,0
"Gujarat","29/04/20",91,3774,434,181
"Haryana","29/04/20",91,310,209,3
"Himachal Pradesh","29/04/20",91,40,25,1
"Jammu and Kashmir","29/04/20",91,565,176,8
"Jharkhand","29/04/20",91,105,19,3
"Karnataka","29/04/20",91,532,215,20
"Kerala","29/04/20",91,486,359,4
"Ladakh","29/04/20",91,22,16,0
"Madhya Pradesh","29/04/20",91,2561,377,119
"Maharashtra","29/04/20",91,9318,1388,400
"Manipur","29/04/20",91,2,2,0
"Meghalaya","29/04/20",91,12,0,1
"Mizoram","29/04/20",91,1,0,0
"Nagaland","29/04/20",91,0,0,0
"Odisha","29/04/20",91,119,38,1
"Puducherry","29/04/20",91,8,3,0
"Punjab","29/04/20",91,322,71,19
"Rajasthan","29/04/20",91,2364,768,51
"Tamil Nadu","29/04/20",91,2058,1168,25
"Telengana","29/04/20",91,1012,367,26
"Tripura","29/04/20",91,2,2,0
"Uttar Pradesh","29/04/20",91,2115,477,36
"Uttarakhand","29/04/20",91,54,34,0
"West Bengal","29/04/20",91,725,119,22
"Andaman and Nicobar Islands","30/04/20",92,33,15,0
"Andhra Pradesh","30/04/20",92,1332,287,31
"Arunachal Pradesh","30/04/20",92,1,1,0
"Assam","30/04/20",92,38,29,1
"Bihar","30/04/20",92,392,65,2
"Chandigarh","30/04/20",92,56,17,0
"Chhattisgarh","30/04/20",92,38,34,0
"Delhi","30/04/20",92,3439,1092,56
"Goa","30/04/20",92,7,7,0
"Gujarat","30/04/20",92,4082,527,197
"Haryana","30/04/20",92,310,209,3
"Himachal Pradesh","30/04/20",92,40,25,1
"Jammu and Kashmir","30/04/20",92,581,192,8
"Jharkhand","30/04/20",92,107,19,3
"Karnataka","30/04/20",92,535,216,21
"Kerala","30/04/20",92,495,369,4
"Ladakh","30/04/20",92,22,16,0
"Madhya Pradesh","30/04/20",92,2561,461,129
"Maharashtra","30/04/20",92,9915,1593,432
"Manipur","30/04/20",92,2,2,0
"Meghalaya","30/04/20",92,12,0,1
"Mizoram","30/04/20",92,1,0,0
"Nagaland","30/04/20",92,0,0,0
"Odisha","30/04/20",92,125,39,1
"Puducherry","30/04/20",92,8,3,0
"Punjab","30/04/20",92,357,90,19
"Rajasthan","30/04/20",92,2438,768,51
"Tamil Nadu","30/04/20",92,2162,1210,27
"Telengana","30/04/20",92,1012,367,26
"Tripura","30/04/20",92,2,2,0
"Uttar Pradesh","30/04/20",92,2134,510,39
"Uttarakhand","30/04/20",92,55,36,0
"West Bengal","30/04/20",92,758,124,22
"Andaman and Nicobar Islands","01/05/20",93,33,16,0
"Andhra Pradesh","01/05/20",93,1403,321,31
"Arunachal Pradesh","01/05/20",93,1,1,0
"Assam","01/05/20",93,42,29,1
"Bihar","01/05/20",93,418,82,2
"Chandigarh","01/05/20",93,56,17,0
"Chhattisgarh","01/05/20",93,40,36,0
"Delhi","01/05/20",93,3515,1094,59
"Goa","01/05/20",93,7,7,0
"Gujarat","01/05/20",93,4395,613,214
"Haryana","01/05/20",93,313,209,3
"Himachal Pradesh","01/05/20",93,40,28,1
"Jammu and Kashmir","01/05/20",93,614,216,8
"Jharkhand","01/05/20",93,109,20,3
"Karnataka","01/05/20",93,565,229,21
"Kerala","01/05/20",93,497,383,4
"Ladakh","01/05/20",93,22,16,0
"Madhya Pradesh","01/05/20",93,2660,482,137
"Maharashtra","01/05/20",93,10498,1773,459
"Manipur","01/05/20",93,2,2,0
"Meghalaya","01/05/20",93,12,0,1
"Mizoram","01/05/20",93,1,0,0
"Nagaland","01/05/20",93,0,0,0
"Odisha","01/05/20",93,142,39,1
"Puducherry","01/05/20",93,8,5,0
"Punjab","01/05/20",93,357,90,19
"Rajasthan","01/05/20",93,2584,836,58
"Tamil Nadu","01/05/20",93,2323,1258,27
"Telengana","01/05/20",93,1038,397,26
"Tripura","01/05/20",93,2,2,0
"Uttar Pradesh","01/05/20",93,2203,513,39
"Uttarakhand","01/05/20",93,57,36,0
"West Bengal","01/05/20",93,795,139,33
